timestamp,pos_x,pos_y,yaw,v_x,v_y,w_z
1776572181.0173292,3.8608818096667796e-19,4.512015721656974e-20,2.770038004990475e-19,-0.07291291817734422,-0.06244762896110556,1.2
1776572181.2428942,3.815085109900993e-19,4.2205821776928697e-20,2.580795443974822e-19,-0.024348948976430387,-0.003957989206888413,1.2
1776572181.2499597,3.815085109900993e-19,4.2205821776928697e-20,2.580795443974822e-19,0.0165208408188557,0.044833608634489285,1.2
1776572181.3401034,4.073211963126342e-19,3.887515270305324e-20,2.656492468381082e-19,0.04737569637151721,0.08230768326587316,1.2
1776572181.557399,4.0378236042164156e-19,3.408731590935724e-20,2.4199392671115184e-19,0.07390055709721378,0.11384614661269855,1.2
1776572181.6171412,3.9941085726218e-19,3.4711816360708894e-20,2.2969316024513433e-19,0.09512044567777105,0.13907691729015886,1.2
1776572181.8327174,-0.0002910510566075874,-0.00025048951925719606,0.004799999998789923,0.11103983003870514,0.15882531208256914,1.2
1776572181.9231324,-0.005292643312662586,-0.0047269797216905425,0.10079999999879012,0.14610909877987371,0.19280080015565534,1.2
1776572182.1039917,-0.0037311994114724435,-0.00034441763858614053,0.1727999999987904,0.17529619898850707,0.21400612749278622,1.2
1776572182.206864,-0.002068669992466511,0.004089790022690884,0.22079999999879052,0.20533793127638636,0.2282967258303516,1.2
1776572182.377692,-0.0009046966128485549,0.007147231419669779,0.24479999999879054,0.22270053676465473,0.23314458807769914,1.2
1776572182.4431744,0.0022928728725845637,0.01681568645628537,0.3167999999987899,0.25750727694181974,0.24399869514166306,1.186964062982268
1776572182.526013,0.0046924050710460356,0.024991972249279917,0.36479999999878976,0.2745787772608216,0.24375393651593966,1.0778848490595476
1776572182.5950885,0.005990746604085971,0.029652572276700852,0.3887999999987897,0.2993298762712118,0.2408425278967181,1.022003660141416
1776572182.7383928,0.009674968014305526,0.04465822444818918,0.4607999999987899,0.333118635944805,0.23880613355083014,0.8499138356791379
1776572182.928702,0.010967261512783771,0.050224638419430374,0.4847999999987898,0.33372751574325127,0.2277317251079123,0.7908011214017693
1776572182.9882388,0.01612761627533492,0.07461339903237453,0.58079999999879,0.3713682748353911,0.21605833148629897,0.5452637392261723
1776572183.1213844,0.020637486841461147,0.09566789484404814,0.64875208269248,0.3691171645584057,0.1959439924795016,0.35879706911600917
1776572183.225002,0.024051810849940732,0.11065038798055765,0.6896322290981365,0.3969091345310066,0.1695218622777967,0.2265510552699188
1776572183.3946853,0.025664468599500275,0.11829269759151932,0.7092118531788268,0.3677210347383565,0.15124171438774778,0.17187293728775033
1776572183.4719083,0.03088952851556314,0.14232090437747735,0.7602066833195739,0.3952442592710334,0.12238244639108653,0.0189283717708848
1776572183.555065,0.03249149722327727,0.15026467766341794,0.7762591566047784,0.4161464710351736,0.09633505333377433,-0.03127150735315887
1776572183.6540267,0.036622262503532794,0.16678417466695727,0.7995429304671258,0.35786977350634336,0.08428343238947775,-0.11483378488791351
1776572183.7914202,0.043019991078077316,0.19128106640293147,0.8249865546865868,0.38372473245339067,0.05601265881712449,-0.2239172584992828
1776572183.9918492,0.04574080441633878,0.19941045826222584,0.8300465598475032,0.3172866632698188,0.0645077437393223,0.03330339823641015
1776572184.0510428,0.057164568036805516,0.23095314602018568,0.8444762534717094,0.3537519397031523,0.04937379997134352,-0.04454966630387802
1776572184.2186277,0.06878312790992935,0.25322278084437344,0.8429351498298402,0.2191767837756016,0.06745540070066074,-0.0691809006273536
1776572184.315243,0.07581902549993867,0.2661369172714178,0.8383417984343237,0.2751720828052362,0.05013776521264323,-0.07646246323158667
1776572184.5104263,0.07970541372847678,0.27258314102558456,0.8350633714741736,0.11457949208561254,0.07929201763462189,-0.07733918621043245
1776572184.5869734,0.09279513403893963,0.2918192164237483,0.82162833596422,0.1915571513172599,0.059981319290305625,-0.06928862087317378
1776572184.6682518,0.10040851262087909,0.30333167688796975,0.8205302341048284,0.000750705591065961,0.0960760266495075,-0.0800690646950164
1776572184.7238913,0.10451276959641652,0.309178586677738,0.8196392407787506,0.10042254227205255,0.07263909950062433,-0.0843977263343525
1776572184.8419983,0.1135970311936866,0.3240359756160552,0.8162026925365148,0.18013216477642238,0.05366171151952658,-0.08899296177712657
1776572185.023624,0.11633383172231392,0.3285566411034502,0.8147171326475159,-0.008259233422638596,0.09123827196756536,-0.09100871809984801
1776572185.110972,0.1251093251327835,0.34232256824767976,0.8101267546846866,0.0931611050476884,0.06816665025459018,-0.0964427832659478
1776572185.2084844,0.12554254909983056,0.3450754919794285,0.8085799709604777,-0.07775969152859702,0.10296719669469738,-0.09991107440797409
1776572185.4247577,0.12726717804039603,0.3576474804850284,0.8006690713163866,0.0374853996292961,0.07657904295969403,-0.11546047381386715
1776572185.7239065,0.13075476586669937,0.36430782230653813,0.7971093528453038,-0.1223946436757604,0.1091160810340001,-0.11854501580757293
1776572185.7347047,0.13075476586669937,0.36430782230653813,0.7971093528453038,0.001733373273607935,0.08137948681653885,-0.11854501580757293
1776572185.8159406,0.13057945966778048,0.37262134258658436,0.789760902424261,-0.1510999988906078,0.11242307178766041,-0.12925081098403757
1776572185.8890882,0.128602664300135,0.3733566287363132,0.7877765541006722,-0.021306198023036075,0.08330701931833905,-0.13280889477533653
1776572185.9938438,0.12123685341559313,0.3746182899164774,0.7817352414379904,0.08244411151075517,0.05944435475834879,-0.14400529925968808
1776572186.2096462,0.12015040624075143,0.37785106270026636,0.7771168224854349,-0.08677013367373489,0.09379421634022607,-0.1474582851663544
1776572186.2674665,0.1179702254077802,0.382336047298921,0.770173771346636,0.030014194416743314,0.06739861392724257,-0.153017701734256
1776572186.3780339,0.11444254643810074,0.3838903690500669,0.7653249127625776,-0.129745015719647,0.09636504753955143,-0.1571618069477858
1776572186.5555499,0.10824712165610711,0.3855257829567026,0.7574133084167203,-0.004430651049516125,0.06901186213756344,-0.16201235359468802
1776572186.7495878,0.10863128207606457,0.38752195004620016,0.7545332024315385,-0.15814037682325086,0.09437134551704474,-0.16150834697334715
1776572186.8281167,0.10815668702183526,0.3942447618047482,0.7429644366880751,-0.02716066388245659,0.06749888914552132,-0.1607036122722998
1776572186.9535449,0.10538321538555265,0.39762945291221324,0.7338112734957192,-0.17654789954072514,0.09231083127317272,-0.1599966209987902
1776572187.0544994,0.09894579706382747,0.39703658353072246,0.7275248012178086,-0.04187955108046667,0.06582357116106723,-0.16113082919929234
1776572187.3204808,0.09519413842054583,0.39798225728149056,0.7211219158203778,-0.17826688502347154,0.11058107013094513,0.40190445709397227
1776572187.3263886,0.09519413842054583,0.39798225728149056,0.7211219158203778,-0.04659762333863026,0.1080234439142943,0.40190445709397227
1776572187.4271338,0.08672219739023677,0.3990964970617791,0.7081832987232183,-0.16249852073538587,0.14334258630552618,0.39859722324428937
1776572187.4989953,0.0854325849955644,0.39977060293476574,0.7049692264777713,-0.033923557190726046,0.13410812332425243,0.39940228191301497
1776572187.6048553,0.07727373276013096,0.39927675969789594,0.6953503404534582,0.06900075548424008,0.12657059164144083,0.3948911824033101
1776572187.8064613,0.0750655477392807,0.3993580820375255,0.6921345291186772,-0.04656168194949548,0.16297934325889932,0.3944571444641589
1776572187.8748603,0.0706175707001825,0.4008165850846222,0.6824666793667202,0.0588730876024744,0.14967934743069672,0.39689193755770735
1776572187.9401093,0.06870520906378684,0.4011887055014517,0.68149620392734,0.14332338405372863,0.13891175612566176,0.39222924592490016
1776572188.1221874,0.05972392939314638,0.40329816235302024,0.7055260933902252,0.01585483517340917,0.17946272214407671,0.3125734082696723
1776572188.1895103,0.05526938500468296,0.40652811103949565,0.7214976735672423,0.11105611839495129,0.15695611895545644,0.259663519335781
1776572188.3901145,0.05462240349713942,0.40933771230858734,0.7293954972153077,-0.021854826082261324,0.21065172156973702,0.2348999822114115
1776572188.453517,0.051236585440936976,0.4171081101444517,0.753083759704235,0.08182801551824231,0.17702205607839092,0.15785236500755495
1776572188.526992,0.04960674401828461,0.4197802668221975,0.7610094244899188,-0.0442886443213526,0.2321632689523131,0.1303799805636081
1776572188.6418657,0.04967064923083121,0.4315489091113221,0.7845618300119478,0.06443789767566335,0.18866595470602346,0.052085563209345986
1776572188.7597382,0.047142748515699294,0.43815499606881125,0.7984985714206089,0.15156776973529268,0.15093138559374428,-0.0010511019149870293
1776572188.9648447,0.04545732112869747,0.44555267371038065,0.8090438418608971,0.010373893283552257,0.21089969480546905,-0.04756033838055451
1776572189.014669,0.03996857805781949,0.45538601872215434,0.8238257058215055,0.10792315816569363,0.16244493256797826,-0.12060753417362946
1776572189.1609418,0.030808125240488107,0.4641190711211768,0.832280369497559,-0.006693358128632085,0.20913971738306217,-0.1881835837521293
1776572189.2586539,0.02568611318746931,0.4704838999692058,0.835303325034263,0.09337412638775826,0.15572479148092985,-0.22693602167897264
1776572189.5325081,0.023369028206103565,0.4781643318394598,0.8364302875904532,-0.016333526034796257,0.2241681257557379,0.04871782013792281
1776572189.540794,0.023369028206103565,0.4781643318394598,0.8364302875904532,0.08687385525699101,0.18176942815798677,0.04871782013792281
1776572189.6344376,0.018923946392369814,0.4977773471810559,0.8326186567684919,-0.01869365066039497,0.23912296181761555,-0.02196579742464344
1776572189.7098997,0.017977830607032126,0.501561414201859,0.830206506085019,0.08501888630188566,0.18963064143864797,-0.03306836081443243
1776572189.8191793,0.012758417559041458,0.5075586030789448,0.8233549232307857,-0.015770371588853815,0.24262784975549972,-0.05797380017086362
1776572189.9911911,0.011107509944357588,0.5108253526799434,0.8190487174248064,0.08727540566902896,0.19076327365808393,-0.06632489880923842
1776572190.0974426,0.007235312826373904,0.524825406189664,0.8008938356904892,0.16956768459795327,0.14789074869450222,-0.09291511970082
1776572190.2150128,0.004394363904995962,0.5321044506272437,0.7998103562357414,0.07108759161903332,0.19865978701212597,-0.10137942593416915
1776572190.3887992,-0.0053454837295471985,0.5461954063181158,0.7980263941352971,-0.008108959163302672,0.24339331476363754,-0.1608341772972708
1776572190.6758847,-0.012727194437960252,0.5525276625973031,0.7957074421284629,0.09331904080410743,0.19939347079805475,0.08454091705131805
1776572190.6844287,-0.012727194437960252,0.5525276625973031,0.7957074421284629,0.17447665987235367,0.1637367890565578,0.08454091705131805
1776572190.7644553,-0.01832335476289446,0.5682885519795006,0.7897973557906708,0.0882661014270199,0.21915644528727463,0.03238771981463806
1776572190.844122,-0.01845413519814688,0.5726430366364104,0.7879051961717303,0.17060493212294517,0.1764646605154048,0.022555185847517034
1776572190.9467947,-0.02206607685831345,0.5802709085862888,0.7838500191343699,0.09526104772917528,0.2233546829152201,-0.00418633132304258
1776572191.1690412,-0.03075395625708106,0.5908405946991544,0.7755079730265811,0.17437434847759375,0.18893824882758947,0.23092387376948054
1776572191.178219,-0.03075395625708106,0.5908405946991544,0.7755079730265811,0.238172246634495,0.1625944476098475,0.23092387376948054
1776572191.2912498,-0.04106911307896776,0.6010559352146545,0.7663486725771913,0.14902607545369717,0.22967708290343575,0.19419724413598272
1776572191.363015,-0.041385637328574185,0.6104436559904691,0.7693652368786419,0.21871588422780391,0.19214086069159395,0.16367999554515178
1776572191.4706213,-0.04282109559866371,0.6198354678603805,0.7704247648560283,0.2747287193332938,0.16052545581360453,0.13315847563874939
1776572191.6445515,-0.04283157135109933,0.62474446139879,0.7708758685729783,0.1778109742760509,0.23423004983987938,0.11928979309602372
1776572191.706966,-0.04798118734610241,0.6383590584497392,0.770651430210794,0.24230434064389172,0.1910061460188095,0.06798738271357618
1776572191.7701046,-0.04972587320899354,0.6428912614310436,0.7705677035843336,0.1415240606678578,0.27299870775930163,0.05055009729463644
1776572191.8967102,-0.048844590451028874,0.6593477175341393,0.7828950691157928,0.21324164758947564,0.2175214008242786,-0.018755840916393707
1776572192.0386367,-0.04801311155675766,0.6767019920367813,0.7927768734465364,0.2702393195664525,0.16944289700555645,-0.08835651719134363
1776572192.248189,-0.04645171011983284,0.6828712479151913,0.7954400429593098,0.16933920399256178,0.267930468556286,0.2294280403347877
1776572192.3303802,-0.04444999210033312,0.7010278254020872,0.8028914934751437,0.2358459363086005,0.2209876498136913,0.11143013179874295
1776572192.5095274,-0.04756835774288271,0.718845241855253,0.8062213763684952,0.12928279530756276,0.3219661463928775,0.050467157866495915
1776572192.6309628,-0.04793850066870961,0.7310240383222388,0.8054711427318425,0.20344615370858485,0.25857013996932465,0.018526105577551855
1776572192.8445437,-0.047303063968036005,0.7371988088900001,0.8043304184745601,0.12465396821686243,0.3465793575740823,0.005778847726519487
1776572192.9496217,-0.04453787429688952,0.7620891396932303,0.8029820191343986,0.19961196869455675,0.2744333088710609,-0.054588381084430315
1776572193.0756247,-0.04534857471261391,0.7748320796458881,0.808855199308897,0.15301031003111157,0.32742461469344813,-0.10709026236987729
1776572193.1838448,-0.04991860857319332,0.7939688368838397,0.8135901920510477,0.22113142786192197,0.25168998929126835,-0.18999835270107224
1776572193.3935707,-0.0518549470300767,0.8003739830768111,0.8142801246855201,0.17254706493536695,0.3249389297799557,0.06920370365539608
1776572193.450233,-0.05846090982926823,0.826474358276972,0.8154690262011639,0.2381050932324934,0.2591458609315583,-0.01898630969239945
1776572193.6519678,-0.06597066269671611,0.8531264859099131,0.8111595686985955,0.2078647464953972,0.29902536568003507,-0.10509014682732931
1776572193.7057881,-0.0686042406514468,0.859857894417534,0.8090177634511974,0.2657773570106945,0.23270582397527173,-0.12751291078974747
1776572193.9777677,-0.07076130620149323,0.8732410386538582,0.8022469102465459,0.22979923974066804,0.2979954637936428,0.15319013986884067
1776572193.9825392,-0.07076130620149323,0.8732410386538582,0.8022469102465459,0.2832538577348707,0.24602595527218996,0.15319013986884067
1776572194.0932896,-0.0752390310329688,0.9076354543088695,0.7953705238044568,0.2518027590059638,0.3033451187939023,0.04038020170403156
1776572194.1790192,-0.07560536947019589,0.9146643973744126,0.7949907976106086,0.30129854254764254,0.239581903043388,-0.06067657479210564
1776572194.3107514,-0.0772152054653832,0.9359021086611968,0.7906325926350767,0.2835278146581936,0.2694579890437066,-0.11679498057525595
1776572194.5130267,-0.07677541862054353,0.9429535200151141,0.788082334419281,0.32628823130355666,0.20891706847520616,-0.13140764678065597
1776572194.6182928,-0.07534818129131522,0.9641007036741424,0.7804315597718944,0.3597830008725916,0.15801602791781694,-0.177347339450304
1776572194.7214687,-0.07462232896759147,0.9867154647842226,0.7886076787203705,0.33376854886910556,0.1954041044688805,-0.2654434315761167
1776572194.828361,-0.07445197920307037,1.0022060361699916,0.7881006944822168,0.3635165917199452,0.1401484675754728,-0.31698446931341717
1776572195.040046,-0.07359520701247026,1.0098570527130628,0.7868871629863732,0.3340875293917921,0.19806463618180994,-0.25312676656106414
1776572195.1114538,-0.07295100663188511,1.0333169550625378,0.779879464151911,0.36351104821971464,0.14206713635927304,-0.3182324491906161
1776572195.2069783,-0.07031276134930667,1.0485710073812633,0.774783897608953,0.33090965335974637,0.19410816340917114,-0.3566321625291533
1776572195.3448906,-0.06469995101960346,1.0632003392333786,0.7679197024943377,0.3604054832219131,0.13615290436176808,-0.3840735286443717
1776572195.4179778,-0.060185605842847475,1.078023464889695,0.7578305417841389,0.3833772582564032,0.08864831814600609,-0.4110473209530159
1776572195.6144516,-0.05716856741078172,1.0851651986516464,0.7518000986243465,0.3541995708267359,0.1376460434663888,-0.42056537596868626
1776572195.666898,-0.04702267150187525,1.1061986995021047,0.7330364612764877,0.3645379899923839,0.07656404437877401,-0.6479127237011909
1776572195.7327237,-0.04118967192600347,1.1205771730429148,0.7216743826441501,0.32964917772517455,0.12089864667792002,-0.6708460990079806
1776572195.7946332,-0.038467167109542275,1.1277676694455927,0.7147337379603025,0.3521050096525882,0.06507415777585918,-0.6808896595053082
1776572195.8844764,-0.03345548085202957,1.1422716582733277,0.7004684514591455,0.36871284617919137,0.019528997133214335,-0.7029541280561122
1776572196.164551,-0.02033831876789428,1.1615655675871717,0.6765073983758507,0.31796095782408584,0.09348863326578273,-0.7167093748403376
1776572196.1684508,-0.02033831876789428,1.1615655675871717,0.6765073983758507,0.34206733839244846,0.04194554683198986,-0.7167093748403376
1776572196.249752,-0.0018715143280895112,1.1860430798510306,0.638657871324509,0.2933745739234576,0.10824962260656946,-0.7246917952073767
1776572196.310048,0.006787026556336134,1.1973873741980843,0.612036120250608,0.3229946414503638,0.05405572727304599,-0.7135392214536371
1776572196.39698,0.017074203902956418,1.207385512018549,0.5847343404647675,0.33967259199767763,0.007056618063171192,-0.7905140298559419
1776572196.5468936,0.023038407799986997,1.211739773324519,0.5706752579036443,0.26806956348319766,0.10680581743133886,-0.7753964397202372
1776572196.6153345,0.041289997263098996,1.224293525386552,0.528498010220282,0.3036571881355996,0.05287857914489902,-0.7298607620115685
1776572196.678245,0.047489511304350994,1.2283056750969117,0.5144389276591593,0.33139332075289574,0.009658433918346617,-0.7146163862083217
1776572196.783438,0.05879191284276997,1.2363942617523564,0.4858668393930484,0.23964911774142514,0.13348939162538911,-0.6853811948177461
1776572196.8768222,0.07340602347505659,1.2488668293834213,0.44275500872807316,0.28289627431234704,0.07736778003981348,-0.6469207235126886
1776572197.032581,0.07943691436978471,1.2519282886623924,0.42709867774783794,0.17793831309103328,0.20538535146467468,-0.6265787979700004
1776572197.0852568,0.09614217521350765,1.2614940441731055,0.3799399525789122,0.23570448439176697,0.13878221897279067,-0.5697639615069453
1776572197.1339657,0.10109638857925024,1.2649109102253788,0.36506952327238357,0.2814790451326776,0.08493525621879752,-0.5546630446625777
1776572197.2203534,0.11300013401152474,1.270133151482898,0.33633242406600106,0.16868084671036312,0.21117833869118752,-0.5501617828564327
1776572197.3491714,0.12638967052532749,1.2806858255390308,0.29485717072853457,0.22939517422105257,0.14557567148175396,-0.5081980526296146
1776572197.5313199,0.13137383030207572,1.2837784136960086,0.281918756258276,0.1192054238420887,0.2576907026758949,-0.4946347532965571
1776572197.5785103,0.14482976190529764,1.2939454857240051,0.24336795787954943,0.1905651313974427,0.18481631795549666,-0.4601341886496003
1776572197.6499119,0.14789656669017684,1.2983629790313667,0.23129090061179686,0.24744283532490743,0.1259472521444691,-0.45534003443396176
1776572197.7525964,0.16143377376078252,1.3083368608129147,0.1978357151906509,0.13267932099201252,0.24274613867150285,-0.4336855607065795
1776572197.873916,0.166565718279812,1.31783613495968,0.1758712076065855,0.2015044122358962,0.17316518602031752,-0.4339974565453625
1776572198.0329168,0.17465518734909483,1.3250928214379238,0.15554328550140184,0.08888685330087204,0.2771650306292815,-0.4289381170658553
1776572198.1088011,0.18393389173574473,1.3380899997141136,0.1257823697047316,0.16643022476423858,0.20057332313858175,-0.43415168781979085
1776572198.253039,0.19676052087084722,1.34813507008772,0.09838046701702093,0.06275085359452195,0.2999413318476915,-0.4343784063836649
1776572198.3492863,0.20167960271362084,1.3578605278938223,0.08094642669382547,0.1451240532089986,0.21775509562856166,-0.4503974631280996
1776572198.5070107,0.20410122466395883,1.3627754911851664,0.07227209168801672,0.04827588012589508,0.31435282836140505,-0.45905474469090135
1776572198.5558279,0.21756739315159435,1.3790805896267284,0.03763324459605814,0.1349182267270829,0.23362082592773037,-0.4002175658542311
1776572198.6670618,0.22342740864868352,1.3878091558051433,0.020303672078541734,0.05233961750939762,0.3195105350389027,-0.40502298288095784
1776572198.751796,0.22979453173323505,1.403288286226177,-0.0057531376218229145,0.13743676896357027,0.23475043427282363,-0.42095766361864345
1776572198.9652689,0.23507231276892906,1.4125748324478629,-0.02364088369298096,0.07274073025502947,0.29198143468059945,-0.4278419167773772
1776572199.0284402,0.2423208545597454,1.4274269785119005,-0.05084653439347965,0.028608838523234474,0.32867420522341717,-0.44139267045018915
1776572199.1169605,0.24793042936764934,1.436777217451668,-0.06709058574304816,0.11780343033627663,0.24067754887016782,-0.4534224913961905
1776572199.2520907,0.25418047214065764,1.4537157893481616,-0.09133253115385026,0.18824703001126458,0.16875133221218652,-0.4813934013570239
1776572199.378696,0.26058565633793207,1.4625115513411853,-0.10817083769859928,0.13600988894305677,0.21193363801573142,-0.4921308773724939
1776572199.4445581,0.26713803126844454,1.4711982190802533,-0.1250091442433457,0.2024560877705771,0.145195166576952,-0.5032290620099306
1776572199.5006518,0.27242642094176844,1.481407956372997,-0.14204644087173174,0.14870157404805442,0.18343111411918891,-0.5184166637565815
1776572199.5457191,0.2739517835789834,1.4878275409083799,-0.15087429428073165,0.21197044401807652,0.1213219700184974,-0.528705424575229
1776572199.678683,0.2820186524869173,1.5026288405107566,-0.177875136808405,0.14850604960683728,0.16707678035261542,-0.5470443980716855
1776572199.805293,0.28520879746122246,1.5069351278334926,-0.18694358663632815,0.2113116314007697,0.10737122318591275,-0.5516310431825108
1776572199.8640323,0.2980768410575593,1.51489347890671,-0.21584216971182885,0.2616995076305735,0.059766006000607906,-0.5502997281975761
1776572199.9193556,0.3016591685009871,1.5184336128071747,-0.2256847872592783,0.3018946228232257,0.021591881911698283,-0.5517946862893084
1776572200.0040948,0.31020484038768276,1.5231201797278286,-0.24588404904754568,0.21450081723767647,0.08526853593828518,-0.5479936607780258
1776572200.0869105,0.3190847299184813,1.5265740004279071,-0.26690880090072105,0.2647082227632392,0.042616642731538784,-0.5393785040833446
1776572200.2442706,0.3238203750467092,1.5277713469600318,-0.277482909392225,0.1581713176809757,0.12077559149966206,-0.5339207250870766
1776572200.2948463,0.3401897453810314,1.5354017854745674,-0.32105850767872113,0.22030795934337402,0.07215040765640703,-0.5165813657150757
1776572200.340529,0.3450747767961584,1.535711665217073,-0.33208314065246647,0.27011614339204065,0.03344814309785552,-0.5083036443218609
1776572200.43946,0.35635679168552015,1.5332021306854495,-0.35413250373266114,0.13631293041165896,0.12581952769674876,-0.48419571103516135
1776572200.5465398,0.3713423234388741,1.5314882346648655,-0.38700021750846775,0.2044046479843434,0.07913246922221658,-0.45327117450001586
1776572200.6937275,0.37656001959216695,1.5302512962770458,-0.39778778759013533,0.05865584658724322,0.18130758418693665,-0.20050976561455391
1776572200.7637188,0.39096239651996606,1.5282767169668223,-0.43005225781321244,0.1463920801972531,0.13745897209750754,-0.15795024143124747
1776572200.8220499,0.39534955805179955,1.5281480959801428,-0.4404879212837634,0.0066674340122949045,0.2251434225743916,-0.14580022041123908
1776572200.9165497,0.41006373248271105,1.5241806001905995,-0.47091599183592003,0.10508283592035915,0.17528417060667684,-0.10171031882688975
1776572200.995564,0.4172251753923976,1.5261224663143447,-0.49028382027732453,0.18390878772563846,0.13595234771917597,-0.08660606956558858
1776572201.122929,0.42146031617585494,1.525793434409326,-0.49944201737695865,0.039062301891244884,0.22658829767406644,-0.07677857604100902
1776572201.1746747,0.43357235501432706,1.5258497061050855,-0.5236051509405796,0.13105384401211312,0.17845906753590524,-0.05750750713118058
1776572201.22148,0.43656775957229954,1.5281516999267428,-0.5274876676803613,0.2043192415524392,0.13945364797872115,-0.06620153453789679
1776572201.3225145,0.4428061293136409,1.5330062569709257,-0.5335505268961994,0.05470712819603062,0.2287268583412924,-0.08891388617550522
1776572201.4445553,0.4521262827427067,1.5411397583850812,-0.5407553935654638,0.14151968236468512,0.1763675618988607,-0.13075996245318944
1776572201.5790975,0.4564432191933038,1.5419446939544765,-0.5425630362030962,0.009958744656308046,0.2627696516122342,-0.14199905676147262
1776572201.6498291,0.4690363282916307,1.5453361910532564,-0.5476218154676907,0.10355089044236346,0.20123515243745496,-0.1805480075694097
1776572201.6894853,0.4772795250080128,1.5485983924559525,-0.5501439535093882,-0.021798310495779228,0.28069364927286483,-0.21247263497156443
1776572201.7993236,0.4867609785468054,1.5498401393795993,-0.55290557664907,0.07569365170004559,0.21293246030491456,-0.24074318895278646
1776572201.8873534,0.49343974887203457,1.5564649478013854,-0.556462132096093,0.15494957195673664,0.17099138339826503,-0.012617926903285115
1776572202.0183854,0.4972935229483268,1.5587737991280217,-0.5587007166586169,0.029313466342848368,0.2657793583170153,-0.0248906636824191
1776572202.0685039,0.5058409058947602,1.5617327513195065,-0.563931115156749,0.11613380687930465,0.21052541300365288,-0.044485256486408
1776572202.1585836,0.5127084187465029,1.5684204176258232,-0.5695035181519577,0.005599716523662942,0.3021306918113985,-0.07311340538164335
1776572202.238168,0.5217589541754007,1.5811321920729922,-0.5818012773931291,0.09594833601844228,0.23621428795040644,-0.1147470780561739
1776572202.367349,0.5333903777136432,1.587816171520879,-0.5921396140136268,0.16695063904115653,0.1821316774642735,-0.1468688776984719
1776572202.4945755,0.5378706351361063,1.5889235389096852,-0.5923919725516897,0.06665229756704348,0.2601769568606857,-0.16206859721025935
1776572202.5426219,0.5457360993618359,1.5943681069867721,-0.5932181517593121,0.1420134614397665,0.19886447234210103,-0.20019885018581873
1776572202.5814164,0.554299291070754,1.5987458393157654,-0.5949975620187615,0.05210577037961646,0.2728452594788934,-0.23533671462046812
1776572202.675207,0.5614280782395753,1.6081325432007645,-0.5979481092815181,0.1284541535801656,0.20535087238216398,-0.28083262864519565
1776572202.7705324,0.569932087135548,1.6137616538706505,-0.602537992403766,0.1883176155044602,0.15022642577205414,-0.3150772072352037
1776572202.9278967,0.5742767705410265,1.6163069511352295,-0.6049292993637848,0.10119356067021232,0.2246226958515917,-0.24949859601775382
1776572202.9776669,0.588559849803276,1.6201428814403396,-0.6138174306232392,0.1652143696364336,0.16690055987640065,-0.2894397219784257
1776572203.0290315,0.5927044030625501,1.623434853686701,-0.6171350630733566,0.07736396299467181,0.23656152069373804,-0.3072718968456243
1776572203.125173,0.605340331881164,1.632886943873489,-0.6307034181691519,0.14421048471644776,0.17378831066284928,-0.35328701257855855
1776572203.2245538,0.6143539556821948,1.6364400719943266,-0.6419367233149653,0.19667586156599873,0.12338236826453129,-0.37326888313460804
1776572203.3683197,0.6191401223377672,1.6367365537527683,-0.6481697783024529,0.10871799806100435,0.19154950346837352,-0.3785707277320891
1776572203.426902,0.6334566671563213,1.637638173859868,-0.6666809390693275,0.16606961928179353,0.13706351870822756,-0.3962720072643269
1776572203.47413,0.6425247286946115,1.6402790278697037,-0.6775395876811278,0.07498964300636043,0.19940583995618819,-0.41688088626583575
1776572203.5625377,0.650999225633542,1.6452232073718493,-0.6897591348554626,0.13704015779337897,0.14184710679878132,-0.44022825399857024
1776572203.6452222,0.6597347506851334,1.6480393654278371,-0.7032924188540219,0.18566387539068568,0.09558565568884304,-0.4560108077140319
1776572203.7967918,0.6642341642979402,1.648302317955685,-0.7104980321994633,0.08692926023741847,0.16500343502420828,-0.46042957198377743
1776572203.8523414,0.6779237205638805,1.6463920059408834,-0.7329100707213233,0.14884689417477748,0.12812319086291207,-0.17769470019427724
1776572203.9020529,0.682113661051871,1.6476898460454015,-0.7404991865554846,0.1964158289372724,0.09553861997228262,-0.17929517994840038
1776572203.9737458,0.6903071761804929,1.6490184538555037,-0.7567004177890668,0.08501690048684653,0.1828249265072094,-0.17665565770557423
1776572204.1114192,0.702000525634626,1.6516077285513582,-0.7825070814679079,-0.009997575909586507,0.2569117221457157,-0.17045722899538807
1776572204.2496235,0.7059722179712674,1.6504614963641973,-0.7915957325147407,0.06721575834139781,0.19948266543312093,-0.1622862524352644
1776572204.3068044,0.7176038715393156,1.6479566801704513,-0.8190138249130814,0.12780327269217334,0.15453185768470834,-0.14003571179973906
1776572204.3586538,0.7213401604559021,1.6482913855505112,-0.8256778025069363,0.17587053879600978,0.1184357440671447,-0.14066157098280985
1776572204.4541125,0.7293495880361851,1.645877888511166,-0.83282720298832,0.0764508740134146,0.19428671021016852,-0.1479772893373259
1776572204.5463672,0.7410185323352454,1.6480110464350157,-0.8434529376730854,0.1325425520911451,0.14898486277670453,-0.17516014714218908
1776572204.827524,0.744791772026085,1.6506083952404087,-0.846911669682679,0.039699465609850465,0.21842548355929492,-0.1893550396308048
1776572204.9231052,0.7600345036504128,1.6609501509715079,-0.8601006014507641,-0.03388682760746361,0.27056410599292424,-0.2479506607760309
1776572205.071558,0.7722129176864615,1.6587412705917155,-0.8685363459627917,0.04142959567090457,0.20668559854575358,-0.2730580336432036
1776572205.155949,0.7801287574615069,1.6614033329617475,-0.874455437536276,-0.01582390080976897,0.24551811338788235,-0.29956203782552815
1776572205.2960577,0.788099227444753,1.661202717713692,-0.8814346605641292,0.0556450430816918,0.20015541930544514,0.04584270030469373
1776572205.348877,0.8000136676544211,1.6617315634761551,-0.8920720234250414,0.1119229049670912,0.16107042069668798,0.027265524771626026
1776572205.4535675,0.8076920692809375,1.668377992670191,-0.9012283067811339,0.053843935664157044,0.20879810648545874,0.0023938217222863045
1776572205.5688295,0.8191460151380741,1.6777904680991798,-0.9166577086307478,0.11011147493239015,0.1660233618635052,-0.029734299621119176
1776572205.709692,0.8229319956644365,1.6797069226825407,-0.9221453733077692,0.060449535185845615,0.2064847446667716,-0.03655208327646409
1776572205.7550032,0.8341837990195965,1.6892618898950786,-0.9401190955773054,0.11504952529811244,0.16302868696074768,-0.06307805412805223
1776572205.8240306,0.8380624140616185,1.6908918544570253,-0.9398930510478151,0.15849105005443853,0.12768502138331567,-0.08105165876577858
1776572205.9044752,0.8458907932986492,1.6916991513584572,-0.9386352354771367,0.1060593502568985,0.1715321487898997,-0.11335040229100612
1776572205.9932246,0.857829454887503,1.6951498134514171,-0.9380439155188818,0.14958204075793227,0.1315801380940453,-0.16586486998411676
1776572206.1789649,0.865802879544085,1.6963003327674568,-0.9388798781689176,0.09638213674500493,0.17390385817977613,-0.196343009287681
1776572206.2224803,0.8778145087354384,1.6979823375120633,-0.941226942844197,0.14000074580227057,0.13115276633437725,-0.2407831394146298
1776572206.3365884,0.8896411151861949,1.6955637159485903,-0.945838411905193,0.08621009362397662,0.17174123519407045,-0.272397726483121
1776572206.425548,0.8976695660456774,1.6959340268694079,-0.9504451581886091,0.12977030053361566,0.12808509264863216,-0.2958520393638593
1776572206.5780554,0.9015484299596277,1.6950231766939547,-0.9537624555882922,0.07930875539989389,0.1808813492298248,0.05999316989183501
1776572206.6287882,0.913166593743713,1.6922134931095918,-0.9637143477873414,0.12415898319812943,0.1462060291847386,0.04871214997035245
1776572206.6858118,0.917110320515036,1.692403492661881,-0.9675497735551536,0.159774163297841,0.11826513833632209,0.04275808026013328
1776572206.7776341,0.9283562592709077,1.690064457396547,-0.9820155509639683,0.1003310643083408,0.17050994975492287,0.039059834851520536
1776572206.8732297,0.9359892582651874,1.690970168825175,-0.9929114600232966,0.13922487365322422,0.13736276201714134,0.03210163774552299
1776572207.078031,0.9431068891985821,1.6893787844976238,-1.0047455415978201,0.09672057058421858,0.17654749203621237,0.03429775520130818
1776572207.1254954,0.9543166433634561,1.688769428234999,-1.0104994560245937,0.1348734777340765,0.14144687527219077,0.006571086285564132
1776572207.2214546,0.9618127439259363,1.6867320415909584,-1.008676005489688,0.08327684241038524,0.189873325204311,-0.02018699063815843
1776572207.376071,0.9734273432303264,1.6855428799753693,-1.0062584504904193,0.05599378816483957,0.21577262113847562,-0.06646518114750366
1776572207.5246475,0.9772527804940088,1.684762749199338,-1.0056025013412875,0.10026596757431763,0.1703286914171236,-0.08083566836564327
1776572207.5797722,0.9886893214426771,1.6821334857369008,-1.00367640307655,0.1344979977773723,0.1327371294026542,-0.12398936626269297
1776572207.628168,0.9926453257678568,1.682058670971782,-1.0030036246772582,0.1616049403759361,0.10230872164810625,-0.14109650235767113
1776572207.7259343,1.0043653442403369,1.6809595709122052,-1.0026274002490665,0.11406856678714059,0.14747807826738155,-0.18750997074761422
1776572207.8029423,1.0125599511148355,1.6822352957277154,-1.0034348798745925,0.1436457022038309,0.11188649210198598,-0.22288091540806043
1776572208.0376797,1.0209511153773916,1.6844977474790541,-1.0054918706438223,0.09894264682801902,0.15359934932767577,-0.25899285465192756
1776572208.098298,1.036831471406781,1.6855269077635788,-1.0126954959885532,0.061799576201367355,0.18543618159737574,-0.3154519969338052
1776572208.2268257,1.0437167475561873,1.6821913437901161,-1.0183393560828595,0.09962010218396053,0.13986300628019968,-0.32858023955916416
1776572208.3180017,1.0511027638650556,1.6812476418899749,-1.0257469279759412,0.12923245372988795,0.10306855621353064,-0.34542763623868034
1776572208.4966018,1.0545331453238074,1.6800313135343412,-1.0301338043947459,0.08891684929733902,0.13974885606253326,-0.3501841039828313
1776572208.5478423,1.0680746951724467,1.674664943664053,-1.047964277627396,0.11899953963499572,0.10266900517735944,-0.36854782203948133
1776572208.6373742,1.075491141246126,1.674902654926926,-1.0591754614144424,0.08602930273495037,0.12904141080884868,-0.3819437272777555
1776572208.7648468,1.0864770235623684,1.675632795462485,-1.0784307872960923,0.05031851125370388,0.1559416139179444,-0.3977503305598442
1776572208.897928,1.0897703696560919,1.674927810690082,-1.0851034764673337,0.0871739366930708,0.11523122294491346,-0.39949519151566815
1776572208.9639666,1.1020082598412821,1.6701485782863568,-1.1127995214470823,0.1157352143873853,0.08291135123194895,-0.398395101222488
1776572209.0677423,1.1079990034520435,1.66813013029177,-1.1273394334300233,0.08251920791332809,0.10761450801318588,-0.3971177162954387
1776572209.2827332,1.117034680770519,1.6660289066045455,-1.1500417225828596,0.045176626721464934,0.13411856962784563,-0.3957151513768453
1776572209.2912147,1.117034680770519,1.6660289066045455,-1.1500417225828596,0.08124278026957407,0.0982528868180968,-0.3957151513768453
1776572209.3620765,1.1298977879068177,1.6665362439384819,-1.1816439463035913,0.10976687897827332,0.06947515968679051,-0.40035718147199484
1776572209.4245455,1.1326886002769365,1.6657863546930078,-1.1896338501338986,0.1325020970306508,0.046574258513531405,-0.3983600924424091
1776572209.5145988,1.1376590638470663,1.6630696967745056,-1.2055806550857218,0.091628885568367,0.07693309691067993,-0.39033745822676513
1776572209.6821299,1.1452829152184487,1.6601407112488618,-1.2294243240674971,0.11726873597881114,0.05313167252524549,-0.38118520144111656
1776572209.8725703,1.1504306627978944,1.6584305769353553,-1.2453090327193141,0.06535473924743695,0.09084630209768489,-0.37612694540556824
1776572209.948346,1.1574527985061913,1.6552586766162865,-1.2691291189721838,0.09559061502650039,0.06477225041268958,-0.364941868796536
1776572210.0450845,1.1628519934298767,1.649407838895567,-1.2929964655023523,0.05254730682466341,0.09422674033700548,-0.34376141263299864
1776572210.168988,1.166795382059879,1.6466962881682206,-1.3086099638314133,0.004953164231754009,0.12480067067720708,-0.3334064621698274
1776572210.3596568,1.1703786421183124,1.6433396498737272,-1.3240495692815608,0.04594065436382164,0.09313651834409688,-0.32137129484555604
1776572210.414721,1.1752952182505807,1.637653994789997,-1.3468852735757835,0.07817271756992078,0.06833558523925086,-0.30175045032318604
1776572210.5250795,1.1791185768973278,1.6353555039158303,-1.3617625752428757,0.02766518688171472,0.09866454822548115,-0.2936950156064908
1776572210.6183138,1.1846165734454785,1.6317905130993366,-1.3830872150542686,0.06284375641125135,0.07320246363932757,-0.28275482966192245
1776572210.802557,1.1892005022359557,1.6316029428991694,-1.3965995076989464,0.01263881918104957,0.1032115246464408,-0.28328153785634136
1776572210.8478565,1.1963622940529255,1.632034275831452,-1.4164715085885644,0.0507679893326165,0.07667915019269142,-0.2867388839520233
1776572210.9397285,1.199703698093484,1.6296657559098593,-1.4287181142022238,0.012063568586158329,0.09788313545124315,-0.2823588358305704
1776572211.032451,1.2053607665244113,1.6278244650708795,-1.4464358815362839,-0.02878916916156654,0.11882716939280269,-0.2814230792711023
1776572211.1821117,1.206966390699212,1.6267543545868182,-1.4520909781295215,0.017024235238566183,0.08942507141480069,-0.28004416425312595
1776572211.2221637,1.2117465954862208,1.6234897846694216,-1.469056267909233,0.05331995146921571,0.06604527671722249,-0.2760724358242008
1776572211.289068,1.2155532400953102,1.6227262161664824,-1.4804234533977614,0.018050271092431017,0.08304710928285829,-0.27705782051457195
1776572211.3321383,1.2171696893499215,1.6218487682408413,-1.4861582310768053,0.05396803821069603,0.06095624659106466,-0.27586929354532597
1776572211.4457161,1.2227934614457587,1.620928517731263,-1.5031698419965995,0.0826210916050352,0.04326064423703904,-0.2770618137203438
1776572211.5580046,1.225055085360626,1.621488347112995,-1.5088020466082588,0.031489296144494014,0.0686380482684269,-0.27954345390720237
1776572211.5961795,1.2320000941072513,1.6234535046122014,-1.525683294619464,0.06497279843668065,0.04912015287916504,-0.2874494705959605
1776572211.6314864,1.2351605896027271,1.622171835140926,-1.536805626621014,0.012612168387146842,0.07486068833883648,-0.2853932239730277
1776572211.7088456,1.2382317254518993,1.6210037804071682,-1.5478719398175667,0.049697252144860614,0.05425852433197234,-0.28293306590933964
1776572211.7958605,1.2407071683364959,1.618887837130973,-1.558906711559387,0.07918705372921571,0.03791438400096721,-0.2777129778793239
1776572211.928865,1.2418136997767855,1.6176181781573356,-1.5644324450715223,0.03330223795727472,0.05922323265692274,-0.27451770186271585
1776572211.987623,1.245841700911098,1.612160897897537,-1.586654467893459,0.06544429878639277,0.04235749804832235,-0.2599048903847785
1776572212.0606148,1.248296308534133,1.6105277741888993,-1.5980662609011296,0.007780618867607848,0.06821691188994286,-0.25404730078343096
1776572212.1659226,1.2520957793480263,1.6085238212239128,-1.6151160495976105,0.04475074689876512,0.049840708325081674,-0.24591470447825836
1776572212.2678368,1.252973068968591,1.607221911693645,-1.6207277301235314,-0.009350572817416964,0.07367801954398816,-0.24163147459562984
1776572212.3183925,1.254967386010287,1.6023463418320922,-1.6373905087962985,0.03043515742415924,0.0546819706340622,-0.22648869298860808
1776572212.3818188,1.2560785333327846,1.6015554690276836,-1.6428840581095743,0.06221581291122418,0.039502864537634186,-0.22355240786870167
1776572212.4853883,1.2578339375662981,1.5992457556271906,-1.6534848330856788,0.002201115796773114,0.06319372038863558,-0.21644689993422794
1776572212.5953352,1.2614699207163917,1.5976927888616264,-1.6688038197974902,0.03933571411017759,0.046585747765209004,-0.21123691022964852
1776572212.7266095,1.262569393357385,1.597016984380186,-1.6737953072538057,-0.01821240111535007,0.06907463527344188,-0.20924918729339037
1776572212.7790186,1.2657843255088732,1.5949368182091679,-1.6884730913846198,0.022808887008238993,0.051458094545374714,-0.20355312976273865
1776572212.8259492,1.2668443413192332,1.594276150366418,-1.6930331508076188,-0.021190507983554353,0.06708973761488515,-0.20224300675988394
1776572212.8998396,1.2682299994292918,1.5918155198987987,-1.7019958011182084,0.020141675458495992,0.05002038961867245,-0.19697291378694715
1776572213.0341344,1.271527550113744,1.5903750412878936,-1.7150820922253227,-0.03363494280682602,0.06831945727746883,-0.19446815068351775
1776572213.1691415,1.2724434815000936,1.589632554973496,-1.7193328803784427,0.010062789266945692,0.0510780737051423,-0.19311390884539525
1776572213.2278483,1.2750608568475041,1.5872420243952263,-1.7319931809316778,0.044833063798091086,0.037388275545377644,-0.18880643912272088
1776572213.263845,1.2763626387528708,1.587188978498854,-1.736149684389905,0.07268106012690453,0.026419725397983276,-0.18906033707238024
1776572213.3456113,1.2787414761994553,1.586837866072338,-1.744262986874365,0.009614515192219402,0.04846847524438147,-0.1888983517876155
1776572213.4563942,1.2818388592829397,1.5856790522526285,-1.756160413096178,0.044513743770823094,0.03531984722344309,-0.1872706910083224
1776572213.578834,1.2829711595995783,1.5854921138133753,-1.7600798332670853,-0.013143728958054627,0.05498569908673471,-0.18710075889543853
1776572213.6326709,1.2870769466914727,1.5862042783652301,-1.771731671406018,0.026548230245627642,0.04047535093129023,-0.18882740528377306
1776572213.6712778,1.2882401110206392,1.584245216285851,-1.7793384114850632,-0.019339650451463977,0.054843795848755546,-0.18492366688271122
1776572213.7438223,1.2888356806966454,1.5814650093735325,-1.7869000150415473,0.02112265555875604,0.04059766046550308,-0.1792401652019242
1776572213.8187518,1.2906438544427226,1.5806668237375576,-1.794455949113061,0.053477631326674914,0.029226784600403687,-0.17745016815839998
1776572213.9332728,1.2912773404336737,1.5798588227415982,-1.798212756558689,-0.008975156901189975,0.047879853848160694,-0.17571945499927155
1776572213.9700658,1.2929187224433862,1.5770791763919632,-1.8094479784265243,0.02908582181669793,0.03522660960739683,-0.1698270383455247
1776572214.018645,1.2940493983892412,1.5770725205959961,-1.8131899936044271,0.05958109216840094,0.025093219991629678,-0.1696849302644159
1776572214.0983362,1.2958305103068721,1.5763905220836423,-1.8206819813382247,-0.005980391884128837,0.04464622300118989,-0.16773077488592403
1776572214.2011583,1.2983972694058497,1.575340170610852,-1.831565321791957,0.031516451762683126,0.032721228264375374,-0.16490601156589468
1776572214.3286135,1.2986841853868119,1.5741555599335917,-1.8351143251551265,-0.019702838422915103,0.046586679903684994,-0.16239885264981657
1776572214.364474,1.3000769791658964,1.5714772001026702,-1.8457336438340892,0.020180026563700194,0.034459806540366594,-0.1564892373103195
1776572214.4015121,1.3005958458315228,1.5707251786915195,-1.8491301846010038,0.05203035026869694,0.024785263257273468,-0.1548687778825779
1776572214.4915245,1.3009880900289763,1.568289491961103,-1.8559182923519872,-0.018176252758780338,0.042811481098488174,-0.14977670337303728
1776572214.6905365,1.3039871577175515,1.5668800727673402,-1.8693260941080574,-0.0768809169019355,0.05751576623046324,-0.1460276312795794
1776572214.6990902,1.3039871577175515,1.5668800727673402,-1.8693260941080574,-0.025892349030093326,0.04340778647099149,-0.1460276312795794
1776572214.76403,1.306280580761151,1.564563043385319,-1.8824145287530596,0.014745061091080508,0.03223313233144639,-0.14074215777836985
1776572214.8497536,1.3069711601891902,1.5614951483177368,-1.8917193884052224,-0.04747151049517082,0.04794206155821625,-0.13476426855888635
1776572214.947569,1.3097536894881892,1.5617072685018367,-1.9007059906076023,-0.0026638933401270906,0.035977925448837905,-0.1343751788701879
1776572215.0702357,1.3106816089908317,1.5617724174148404,-1.9037015246750617,-0.05670580602473198,0.049282905922790936,-0.1342285328261621
1776572215.132379,1.3126381299831016,1.562045830668933,-1.9096813455937016,-0.009871361124668075,0.03704197473946805,-0.13415825390265734
1776572215.1683233,1.313629351324401,1.562244172273574,-1.9126018982192887,-0.05878341698261387,0.046648076530002344,-0.13414165462979222
1776572215.249085,1.3156082655624477,1.5614114856222894,-1.9211468516825236,-0.011456273678690957,0.03496844087750864,-0.13207350922293504
1776572215.3269289,1.3180642149548822,1.5625301776555978,-1.926537422424871,0.02665683975107199,0.025573977026926438,-0.13375448818185998
1776572215.4679787,1.3189448768805152,1.562593333503385,-1.9292276496300909,-0.026848553505028364,0.036453879775545074,-0.13376662160164043
1776572215.5145912,1.3213375262304485,1.5624344311213862,-1.93728869390185,0.014501644048894499,0.026764263172267298,-0.13317452403107
1776572215.5542896,1.322608452776521,1.5630597141664895,-1.9399731240005238,0.04771723816907651,0.01898840685163374,-0.1339468811370228
1776572215.6408937,1.32596730105016,1.5644811729133892,-1.948021955263778,-0.009823943258980453,0.030779954684485557,-0.13453439188919525
1776572215.7243671,1.3276060855831697,1.5646262089031615,-1.9533173045051557,0.028700270768152403,0.022179075763089195,-0.13359140250515233
1776572215.8726847,1.3280413836288827,1.5641632131179999,-1.9559806274160778,-0.01559282050070192,0.029976345081492144,-0.13230615987586036
1776572215.926365,1.329792468063668,1.5624161264906724,-1.9666783414516777,0.023971437385581693,0.021669909811724494,-0.12688143068098467
1776572216.0289521,1.330047459688493,1.5597774601592465,-1.9747027966061963,-0.03115776564057094,0.03071178050699572,-0.12045967378961286
1776572216.0972688,1.3311663221210817,1.5594101348158937,-1.9800812347280046,0.011281737421601575,0.022437686689751206,-0.1177178637320444
1776572216.210968,1.3315530606447779,1.5589939250721816,-1.9827615496825641,-0.043505646265799454,0.03132585059215937,-0.11602645745833273
1776572216.263885,1.3319025622933554,1.5575857948584217,-1.9881052057827666,0.0012524804856798133,0.02304390779011988,-0.11189979553472584
1776572216.3406742,1.3327491260158741,1.5569204441534474,-1.9934231570303866,-0.05091031116568473,0.03146641395698085,-0.10857244891751572
1776572216.4216785,1.3334791745920012,1.5552775302464554,-2.0010276270589724,-0.004821229360696602,0.02332377960835744,-0.10310254772188188
1776572216.5256963,1.33509160755606,1.5558589464628243,-2.005843272200501,0.032216428775604065,0.01682773870831993,-0.10148616704619329
1776572216.6429162,1.3357134672262665,1.5550699898739293,-2.0105519867497956,-0.02321707794804198,0.025827285386108418,-0.09842525899428178
1776572216.6834154,1.3375025597844834,1.5551711844556004,-2.017446467322812,0.017575446933848524,0.018941257596726678,-0.09520631941577484
1776572216.8159647,1.3397764749812395,1.5560164438228745,-2.0240439979233003,-0.02452070075462436,0.024655952248198477,-0.09298749920967797
1776572216.872173,1.3409744018286665,1.5561578956368656,-2.028222798844127,0.01685497408813328,0.018058321385904956,-0.09135826558378835
1776572216.9939234,1.3414353814948847,1.5560379171136187,-2.0302848497985577,-0.025686593757907574,0.023976703530932546,-0.09039107741451424
1776572217.0413094,1.3416099499469536,1.5540393635763783,-2.036383718105379,0.01573699423070555,0.01762391769200342,-0.08588939349885116
1776572217.0832705,1.3423269708061192,1.5535518629437877,-2.0402906517882697,-0.02672223999212232,0.023637244626561575,-0.08401603529043111
1776572217.1388052,1.3425053091961743,1.5530668244219679,-2.042194778176584,0.01486332155241267,0.01740690787510226,-0.08291364035603532
1776572217.2340522,1.3437168856403041,1.552584204844964,-2.0478450303757656,0.04815847844323335,0.012465514070903686,-0.08050835585179605
1776572217.3423944,1.3440317286161874,1.552321075072525,-2.049681971089198,-0.010192134169235591,0.019677710888032763,-0.07961399702985084
1776572217.3963006,1.344648711523592,1.5510974107310287,-2.0551586310833736,0.028015424025498285,0.014358122228410222,-0.07654565003638414
1776572217.4462686,1.3453125107590738,1.5513281569225554,-2.056966452631667,0.0586491274938137,0.010107144720407428,-0.07609904501786335
1776572217.5301948,1.3466876507178696,1.551211222327033,-2.0620546722401474,-0.005291730257312307,0.01806815719396302,-0.07450976073531734
1776572217.6755924,1.3470197083398487,1.5503579890656871,-2.0653712178544037,0.032010167409483675,0.013134837704121015,-0.07281576825880443
1776572217.68042,1.3470197083398487,1.5503579890656871,-2.0653712178544037,0.06185181766957257,0.009187730977173672,-0.07281576825880443
1776572217.7306497,1.3466556932550338,1.547318220618904,-2.0718285065050455,-0.006370710528488858,0.017613646874177533,-0.06842472517992526
1776572217.772731,1.347052648822271,1.547245776649751,-2.0734146497516672,0.030820925972374742,0.012871481452504028,-0.06788314093646974
1776572217.8363953,1.3467545674903634,1.5456406380513372,-2.0764702232828536,-0.03097650542595777,0.020345737627245286,-0.06571639731687196
1776572217.8940861,1.3465640503382106,1.5436216443042003,-2.080994844592569,0.010721432232199967,0.015162151030971675,-0.06280089537452671
1776572218.0061557,1.3469310145821283,1.5435372553069993,-2.082485039807271,-0.0474332928712142,0.022029079733931332,-0.06233748575577902
1776572218.0407805,1.347518431443497,1.5426023981958794,-2.0869336035491868,-0.002488564279101857,0.016552864521991267,-0.06038498586858854
1776572218.0826392,1.3473543404607182,1.5418220446572302,-2.0883591816128186,0.03337546146316908,0.01219167134523646,-0.05940705889748621
1776572218.1496954,1.3475731672771352,1.5410055055296379,-2.0910837141824024,-0.026995003938910845,0.01915960530458941,-0.058287523710250255
1776572218.2564468,1.3486614199599287,1.5408086787936002,-2.0950525398821425,0.013749431779852887,0.014308970998507435,-0.057635179088745936
1776572218.3804953,1.34881638804895,1.5404711571699232,-2.0963085577896337,-0.033039154004131786,0.018617369139984567,-0.05730965328769155
1776572218.4175582,1.3503926570702944,1.5403976851718235,-2.101276068717752,0.008985313483991855,0.013882499464760603,-0.05710102964208463
1776572218.5119088,1.3503508179672747,1.5387531531885068,-2.104844815453597,-0.04565926724127467,0.018127014920081577,-0.05589466057208714
1776572218.5939023,1.3515607556959677,1.539291077941044,-2.1071763164019868,-0.001149000864156168,0.01350292018040307,-0.05643690690225611
1776572218.717589,1.3520660937610507,1.5394289124624383,-2.1083394574976997,-0.05518626908620953,0.017626992832419034,-0.05660084050187475
1776572218.7627063,1.3523791608244216,1.5382801547455205,-2.111797568243023,-0.008822424586046521,0.013113936228602014,-0.055908371017259206
1776572218.8760226,1.3535016177399113,1.5377815168624642,-2.1163761159785084,-0.06089570187582231,0.017100308473505976,-0.05533199101885611
1776572218.9394462,1.3548145439657293,1.5386087114093636,-2.1186215533539405,-0.10076841359336199,0.019977192328643933,-0.05544263688729956
1776572219.043206,1.3553555305003184,1.5388789163713723,-2.119744326782347,-0.04502292507746639,0.014996514132006184,-0.055350144464257234
1776572219.0965726,1.357025388429265,1.5393555721814223,-2.1242628858737014,-0.00026200293177880554,0.011026751423939683,-0.05427757210631068
1776572219.1796236,1.3577700134522308,1.5395276146812176,-2.126501990592339,-0.04470533308324903,0.01437316827508281,-0.05348276290070508
1776572219.246246,1.359399156072711,1.5404857368791658,-2.1298438124934274,0.0002748857393796646,0.010551029095995042,-0.0525769326699308
1776572219.3738914,1.3604299969792237,1.5414653382544867,-2.130950894897279,-0.04189109605348845,0.013681647262308099,-0.05255677446887308
1776572219.4225686,1.364597329485401,1.5458546034921599,-2.134277268125673,0.003444647756022134,0.009966620052666169,-0.052948198657703394
1776572219.4734118,1.3653321872598463,1.5464552428571754,-2.1353842710149564,-0.03666284483712826,0.012855036995334322,-0.05259750685758746
1776572219.5334666,1.3659286599671785,1.5465131552528486,-2.1375639544780825,0.007789132370796902,0.009330842742625927,-0.05135487307244979
1776572219.603707,1.3675919058022277,1.5476315464370003,-2.1407880216270443,0.0435846522182034,0.006531553353272339,-0.04995865648812359
1776572219.671757,1.3677940273266116,1.5475487597415258,-2.1418404661106716,0.005967559444360407,0.008396250474806575,-0.04928353146378939
1776572219.7028034,1.368142913192601,1.547311024110492,-2.1439435434174596,0.04213474946110284,0.005822140057962554,-0.04790081107883193
1776572219.7650192,1.3691163657112344,1.5479010353861553,-2.146048344365147,0.0029610905901479648,0.007922968492799548,-0.04684548383427689
